<?xml version="1.0" encoding="UTF-8"?>
<rss version="2.0" xmlns:ror="http://rorweb.com/0.1/" >
<channel>
  <title>ROR Sitemap for https://kanpa.co.id/</title>
  <link>https://kanpa.co.id/</link>

<item>
     <link>https://kanpa.co.id/</link>
     <title>
        Rumah Murah di Semarang di Bawah Rp 200 Jt Terlengkap | Kanpa.co.id    </title>
     <description>Cari Rumah di Semarang di Bawah Rp 200 Jt. Rumah minimalis terjangkau, termurah di semarang Bisa KPR Harga paling murah Lokasi strategis Proses mudah &amp; cepat, perumahan subsidi griya kanzu kleco kaliabu, perumahan subsidi klecorejo kaliabu, rumah subsidi madiun, perumahan subsidi madiun, rumah subsidi klecorejo kaliabu</description>
     <ror:updatePeriod></ror:updatePeriod>
     <ror:sortOrder>0</ror:sortOrder>
     <ror:resourceOf>sitemap</ror:resourceOf>
</item>
<item>
     <link>https://kanpa.co.id/Produk</link>
     <title>
        Kanzu Group Indonesia    </title>
     <description>Cari Rumah di Semarang di Bawah Rp 200 Jt. Rumah minimalis terjangkau, termurah di semarang Bisa KPR Harga paling murah Lokasi strategis Proses mudah &amp; cepat, perumahan subsidi griya kanzu kleco kaliabu, perumahan subsidi klecorejo kaliabu, rumah subsidi madiun, perumahan subsidi madiun, rumah subsidi klecorejo kaliabu</description>
     <ror:updatePeriod></ror:updatePeriod>
     <ror:sortOrder>1</ror:sortOrder>
     <ror:resourceOf>sitemap</ror:resourceOf>
</item>
<item>
     <link>https://kanpa.co.id/Artikel</link>
     <title>
        ARTIKEL PT KANPA    </title>
     <description>Cari Rumah di Semarang di Bawah Rp 200 Jt. Rumah minimalis terjangkau, termurah di semarang Bisa KPR Harga paling murah Lokasi strategis Proses mudah &amp; cepat, perumahan subsidi griya kanzu kleco kaliabu, perumahan subsidi klecorejo kaliabu, rumah subsidi madiun, perumahan subsidi madiun, rumah subsidi klecorejo kaliabu</description>
     <ror:updatePeriod></ror:updatePeriod>
     <ror:sortOrder>1</ror:sortOrder>
     <ror:resourceOf>sitemap</ror:resourceOf>
</item>
<item>
     <link>https://kanpa.co.id/Estimasi_harga</link>
     <title>
        Kanzu Group Indonesia    </title>
     <description>Cari Rumah di Semarang di Bawah Rp 200 Jt. Rumah minimalis terjangkau, termurah di semarang Bisa KPR Harga paling murah Lokasi strategis Proses mudah &amp; cepat, perumahan subsidi griya kanzu kleco kaliabu, perumahan subsidi klecorejo kaliabu, rumah subsidi madiun, perumahan subsidi madiun, rumah subsidi klecorejo kaliabu</description>
     <ror:updatePeriod></ror:updatePeriod>
     <ror:sortOrder>1</ror:sortOrder>
     <ror:resourceOf>sitemap</ror:resourceOf>
</item>
<item>
     <link>https://kanpa.co.id/More_info</link>
     <title>
        Kanzu Group Indonesia    </title>
     <description>Cari Rumah di Semarang di Bawah Rp 200 Jt. Rumah minimalis terjangkau, termurah di semarang Bisa KPR Harga paling murah Lokasi strategis Proses mudah &amp; cepat, perumahan subsidi griya kanzu kleco kaliabu, perumahan subsidi klecorejo kaliabu, rumah subsidi madiun, perumahan subsidi madiun, rumah subsidi klecorejo kaliabu</description>
     <ror:updatePeriod></ror:updatePeriod>
     <ror:sortOrder>1</ror:sortOrder>
     <ror:resourceOf>sitemap</ror:resourceOf>
</item>
<item>
     <link>https://kanpa.co.id/detail/perum/Griya-Kanzu-Madiun/tipe/42/72</link>
     <title>
        Griya Kanzu Madiun    </title>
     <description>Cari Rumah di Semarang di Bawah Rp 200 Jt. Rumah minimalis terjangkau, termurah di semarang Bisa KPR Harga paling murah Lokasi strategis Proses mudah &amp; cepat, perumahan subsidi griya kanzu kleco kaliabu, perumahan subsidi klecorejo kaliabu, rumah subsidi madiun, perumahan subsidi madiun, rumah subsidi klecorejo kaliabu</description>
     <ror:updatePeriod></ror:updatePeriod>
     <ror:sortOrder>1</ror:sortOrder>
     <ror:resourceOf>sitemap</ror:resourceOf>
</item>
<item>
     <link>https://kanpa.co.id/detail/perum/Griya-Kanzu-Madiun/tipe/30/66</link>
     <title>
        Griya Kanzu Madiun    </title>
     <description>Cari Rumah di Semarang di Bawah Rp 200 Jt. Rumah minimalis terjangkau, termurah di semarang Bisa KPR Harga paling murah Lokasi strategis Proses mudah &amp; cepat, perumahan subsidi griya kanzu kleco kaliabu, perumahan subsidi klecorejo kaliabu, rumah subsidi madiun, perumahan subsidi madiun, rumah subsidi klecorejo kaliabu</description>
     <ror:updatePeriod></ror:updatePeriod>
     <ror:sortOrder>1</ror:sortOrder>
     <ror:resourceOf>sitemap</ror:resourceOf>
</item>
<item>
     <link>https://kanpa.co.id/detail/perum/Griya-Kanzu-Sukoharjo/tipe/30/66</link>
     <title>
        Griya Kanzu Sukoharjo    </title>
     <description>Cari Rumah di Semarang di Bawah Rp 200 Jt. Rumah minimalis terjangkau, termurah di semarang Bisa KPR Harga paling murah Lokasi strategis Proses mudah &amp; cepat, perumahan subsidi griya kanzu kleco kaliabu, perumahan subsidi klecorejo kaliabu, rumah subsidi madiun, perumahan subsidi madiun, rumah subsidi klecorejo kaliabu</description>
     <ror:updatePeriod></ror:updatePeriod>
     <ror:sortOrder>1</ror:sortOrder>
     <ror:resourceOf>sitemap</ror:resourceOf>
</item>
<item>
     <link>https://kanpa.co.id/detail/perum/Griya-Kautsar/tipe/30/60</link>
     <title>
        Griya Kautsar    </title>
     <description>Cari Rumah di Semarang di Bawah Rp 200 Jt. Rumah minimalis terjangkau, termurah di semarang Bisa KPR Harga paling murah Lokasi strategis Proses mudah &amp; cepat, perumahan subsidi griya kanzu kleco kaliabu, perumahan subsidi klecorejo kaliabu, rumah subsidi madiun, perumahan subsidi madiun, rumah subsidi klecorejo kaliabu</description>
     <ror:updatePeriod></ror:updatePeriod>
     <ror:sortOrder>1</ror:sortOrder>
     <ror:resourceOf>sitemap</ror:resourceOf>
</item>
<item>
     <link>https://kanpa.co.id/detail/perum/Bukit-Permai-1/tipe/36/66</link>
     <title>
        Bukit Permai 1    </title>
     <description>Cari Rumah di Semarang di Bawah Rp 200 Jt. Rumah minimalis terjangkau, termurah di semarang Bisa KPR Harga paling murah Lokasi strategis Proses mudah &amp; cepat, perumahan subsidi griya kanzu kleco kaliabu, perumahan subsidi klecorejo kaliabu, rumah subsidi madiun, perumahan subsidi madiun, rumah subsidi klecorejo kaliabu</description>
     <ror:updatePeriod></ror:updatePeriod>
     <ror:sortOrder>1</ror:sortOrder>
     <ror:resourceOf>sitemap</ror:resourceOf>
</item>
<item>
     <link>https://kanpa.co.id/detail/perum/Bukit-Permai-2/tipe/80/90</link>
     <title>
        Bukit Permai 2    </title>
     <description>Cari Rumah di Semarang di Bawah Rp 200 Jt. Rumah minimalis terjangkau, termurah di semarang Bisa KPR Harga paling murah Lokasi strategis Proses mudah &amp; cepat, perumahan subsidi griya kanzu kleco kaliabu, perumahan subsidi klecorejo kaliabu, rumah subsidi madiun, perumahan subsidi madiun, rumah subsidi klecorejo kaliabu</description>
     <ror:updatePeriod></ror:updatePeriod>
     <ror:sortOrder>1</ror:sortOrder>
     <ror:resourceOf>sitemap</ror:resourceOf>
</item>
<item>
     <link>https://kanpa.co.id/detail/perum/Bukit-Permai-2/tipe/41/66</link>
     <title>
        Bukit Permai 2    </title>
     <description>Cari Rumah di Semarang di Bawah Rp 200 Jt. Rumah minimalis terjangkau, termurah di semarang Bisa KPR Harga paling murah Lokasi strategis Proses mudah &amp; cepat, perumahan subsidi griya kanzu kleco kaliabu, perumahan subsidi klecorejo kaliabu, rumah subsidi madiun, perumahan subsidi madiun, rumah subsidi klecorejo kaliabu</description>
     <ror:updatePeriod></ror:updatePeriod>
     <ror:sortOrder>1</ror:sortOrder>
     <ror:resourceOf>sitemap</ror:resourceOf>
</item>
<item>
     <link>https://kanpa.co.id/detail/perum/Alton-Town-House/tipe/140/120</link>
     <title>
        Alton Town House    </title>
     <description>Cari Rumah di Semarang di Bawah Rp 200 Jt. Rumah minimalis terjangkau, termurah di semarang Bisa KPR Harga paling murah Lokasi strategis Proses mudah &amp; cepat, perumahan subsidi griya kanzu kleco kaliabu, perumahan subsidi klecorejo kaliabu, rumah subsidi madiun, perumahan subsidi madiun, rumah subsidi klecorejo kaliabu</description>
     <ror:updatePeriod></ror:updatePeriod>
     <ror:sortOrder>1</ror:sortOrder>
     <ror:resourceOf>sitemap</ror:resourceOf>
</item>
<item>
     <link>https://kanpa.co.id/detail/perum/Griya-kanzu-Klaten/tipe/30/60</link>
     <title>
        Griya kanzu Klaten    </title>
     <description>Cari Rumah di Semarang di Bawah Rp 200 Jt. Rumah minimalis terjangkau, termurah di semarang Bisa KPR Harga paling murah Lokasi strategis Proses mudah &amp; cepat, perumahan subsidi griya kanzu kleco kaliabu, perumahan subsidi klecorejo kaliabu, rumah subsidi madiun, perumahan subsidi madiun, rumah subsidi klecorejo kaliabu</description>
     <ror:updatePeriod></ror:updatePeriod>
     <ror:sortOrder>1</ror:sortOrder>
     <ror:resourceOf>sitemap</ror:resourceOf>
</item>
<item>
     <link>https://kanpa.co.id/Artikel/page/Tips-memasang-vinly-yang-benar-untuk-pemula</link>
     <title>
        Tips memasang vinly yang benar untuk pemula    </title>
     <description>PT Kanpa Tips memasang vinly yang benar untuk pemula - Bingung bagaimana cara memasang vinyl yang benar? Jangan khawatir, panduan ini akan memberikan tips dan trik untuk memudahkan Anda.</description>
     <ror:updatePeriod></ror:updatePeriod>
     <ror:sortOrder>1</ror:sortOrder>
     <ror:resourceOf>sitemap</ror:resourceOf>
</item>
<item>
     <link>https://kanpa.co.id/Artikel/page/Tips-merawat-furniture-agar-tahan-lama-dan-tetap-cantik</link>
     <title>
        Tips merawat furniture agar tahan lama dan tetap cantik    </title>
     <description>PT Kanpa Tips merawat furniture agar tahan lama dan tetap cantik - Furniture yang terawat dengan baik akan bertahan lama dan tetap terlihat indah. Pelajari cara merawat furniture di rumah Anda dengan tips praktis ini.</description>
     <ror:updatePeriod></ror:updatePeriod>
     <ror:sortOrder>1</ror:sortOrder>
     <ror:resourceOf>sitemap</ror:resourceOf>
</item>
<item>
     <link>https://kanpa.co.id/Artikel/page/5-Tips-cara-menata-ruangan-agar-rapih-dan-nyaman</link>
     <title>
        5 Tips cara menata ruangan agar rapih dan nyaman    </title>
     <description>PT Kanpa 5 Tips cara menata ruangan agar rapih dan nyaman - Ingin menjaga kamar Anda bersih dan nyaman? Periksa lima tips ini tentang bagaimana mengatur ruang Anda dan membuatnya terlihat rapi dan nyaman.</description>
     <ror:updatePeriod></ror:updatePeriod>
     <ror:sortOrder>1</ror:sortOrder>
     <ror:resourceOf>sitemap</ror:resourceOf>
</item>
<item>
     <link>https://kanpa.co.id/Artikel/page/10-Tips-merawat-rumah-agar-tetap-bersih-dan-nyaman</link>
     <title>
        10 Tips merawat rumah agar tetap bersih dan nyaman    </title>
     <description>PT Kanpa 10 Tips merawat rumah agar tetap bersih dan nyaman - Jaga rumah Anda bersih dan nyaman dengan 10 tips sederhana ini untuk perawatan rumah. Pelajari cara menjaga kebersihan dan tingkat kenyamanan rumah Anda hari ini!</description>
     <ror:updatePeriod></ror:updatePeriod>
     <ror:sortOrder>1</ror:sortOrder>
     <ror:resourceOf>sitemap</ror:resourceOf>
</item>
<item>
     <link>https://kanpa.co.id/detail/perum/Alton-Green-House/tipe/42/80</link>
     <title>
        Alton Green House    </title>
     <description>Cari Rumah di Semarang di Bawah Rp 200 Jt. Rumah minimalis terjangkau, termurah di semarang Bisa KPR Harga paling murah Lokasi strategis Proses mudah &amp; cepat, perumahan subsidi griya kanzu kleco kaliabu, perumahan subsidi klecorejo kaliabu, rumah subsidi madiun, perumahan subsidi madiun, rumah subsidi klecorejo kaliabu</description>
     <ror:updatePeriod></ror:updatePeriod>
     <ror:sortOrder>2</ror:sortOrder>
     <ror:resourceOf>sitemap</ror:resourceOf>
</item>
<item>
     <link>https://kanpa.co.id/detail/perum/Alton-Green-House/tipe/60/90</link>
     <title>
        Alton Green House    </title>
     <description>Cari Rumah di Semarang di Bawah Rp 200 Jt. Rumah minimalis terjangkau, termurah di semarang Bisa KPR Harga paling murah Lokasi strategis Proses mudah &amp; cepat, perumahan subsidi griya kanzu kleco kaliabu, perumahan subsidi klecorejo kaliabu, rumah subsidi madiun, perumahan subsidi madiun, rumah subsidi klecorejo kaliabu</description>
     <ror:updatePeriod></ror:updatePeriod>
     <ror:sortOrder>2</ror:sortOrder>
     <ror:resourceOf>sitemap</ror:resourceOf>
</item>
<item>
     <link>https://kanpa.co.id/detail/perum/Alton-Green-House/tipe/90/95</link>
     <title>
        Alton Green House    </title>
     <description>Cari Rumah di Semarang di Bawah Rp 200 Jt. Rumah minimalis terjangkau, termurah di semarang Bisa KPR Harga paling murah Lokasi strategis Proses mudah &amp; cepat, perumahan subsidi griya kanzu kleco kaliabu, perumahan subsidi klecorejo kaliabu, rumah subsidi madiun, perumahan subsidi madiun, rumah subsidi klecorejo kaliabu</description>
     <ror:updatePeriod></ror:updatePeriod>
     <ror:sortOrder>2</ror:sortOrder>
     <ror:resourceOf>sitemap</ror:resourceOf>
</item>
<item>
     <link>https://kanpa.co.id/Artikel/page/Pelebaran-dan-Perbaikan-jalan-sebagai-upaya-pemaksimalan-potensi-di-Daerah-Syeh-Jago</link>
     <title>
        Pelebaran dan Perbaikan jalan sebagai upaya pemaksimalan potensi di Daerah Syeh Jago    </title>
     <description>PT Kanpa Pelebaran dan Perbaikan jalan sebagai upaya pemaksimalan potensi di Daerah Syeh Jago - Jalan menuju perumahan Griya Kautsar akan dilebarkan.<br</description>
     <ror:updatePeriod></ror:updatePeriod>
     <ror:sortOrder>2</ror:sortOrder>
     <ror:resourceOf>sitemap</ror:resourceOf>
</item>
<item>
     <link>https://kanpa.co.id/Artikel/page/Perumahan-subsidi-griya-kanzu-klecorejo-kaliabu</link>
     <title>
        Perumahan subsidi griya kanzu klecorejo kaliabu    </title>
     <description>PT Kanpa Perumahan subsidi griya kanzu klecorejo kaliabu - </description>
     <ror:updatePeriod></ror:updatePeriod>
     <ror:sortOrder>2</ror:sortOrder>
     <ror:resourceOf>sitemap</ror:resourceOf>
</item>
<item>
     <link>https://kanpa.co.id/Artikel/page/5-Wisata-populer-yang-paling-dekat-pusat-kota-caruban</link>
     <title>
        5 Wisata populer yang paling dekat pusat kota caruban    </title>
     <description>PT Kanpa 5 Wisata populer yang paling dekat pusat kota caruban - </description>
     <ror:updatePeriod></ror:updatePeriod>
     <ror:sortOrder>2</ror:sortOrder>
     <ror:resourceOf>sitemap</ror:resourceOf>
</item>
<item>
     <link>https://kanpa.co.id/Artikel/page/Peluang-anda-untuk-memiliki-rumah-subsidi-caruban-hadir-lebih-dekat-dengan-anda-di-antara-desa-klecorejo-dan-desa-kaliabu</link>
     <title>
        Peluang anda untuk memiliki rumah subsidi caruban hadir lebih dekat dengan anda di antara desa klecorejo dan desa kaliabu    </title>
     <description>PT Kanpa Peluang anda untuk memiliki rumah subsidi caruban hadir lebih dekat dengan anda di antara desa klecorejo dan desa kaliabu - </description>
     <ror:updatePeriod></ror:updatePeriod>
     <ror:sortOrder>2</ror:sortOrder>
     <ror:resourceOf>sitemap</ror:resourceOf>
</item>
<item>
     <link>https://kanpa.co.id/Artikel/page/Bantuan-perbaikan-jalan-PT-KANPA</link>
     <title>
        Bantuan perbaikan jalan PT KANPA    </title>
     <description>PT Kanpa Bantuan perbaikan jalan PT KANPA - Perluasan dan pelebaran jalan oleh PT. KANPA di Desa Kalisidi, Ungaran Barat, Kabupaten Semarang dilakukan sebagai upaya untuk membantu warga sekitar. Jalan aspal di Desa Kalisidi yang semula menyulitkan pengendara saat berpapasan, kini sudah mudah dilalui karena bertambah 1 meter. Dampak pelebaran jalan ini sudah bisa dirasakan oleh penguna jalan roda dua maupun roda empat.</description>
     <ror:updatePeriod></ror:updatePeriod>
     <ror:sortOrder>2</ror:sortOrder>
     <ror:resourceOf>sitemap</ror:resourceOf>
</item>
<item>
     <link>https://kanpa.co.id/Artikel/page/Cari-hunian-murah-di-madiun-ini-dia-perumahan-subsidi-yang-cocok-untuk-anda</link>
     <title>
        Cari hunian murah di madiun ini dia perumahan subsidi yang cocok untuk anda    </title>
     <description>PT Kanpa Cari hunian murah di madiun ini dia perumahan subsidi yang cocok untuk anda - </description>
     <ror:updatePeriod></ror:updatePeriod>
     <ror:sortOrder>2</ror:sortOrder>
     <ror:resourceOf>sitemap</ror:resourceOf>
</item>
<item>
     <link>https://kanpa.co.id/Artikel/page/Kegiatan-khataman-al-quran-dan-buka-bersama-warga-bukit-permai-1</link>
     <title>
        Kegiatan khataman al quran dan buka bersama warga bukit permai 1    </title>
     <description>PT Kanpa Kegiatan khataman al quran dan buka bersama warga bukit permai 1 - </description>
     <ror:updatePeriod></ror:updatePeriod>
     <ror:sortOrder>2</ror:sortOrder>
     <ror:resourceOf>sitemap</ror:resourceOf>
</item>
<item>
     <link>https://kanpa.co.id/Artikel/page/Berbuka-puasa-bersama-santri-tpq-al-kanzu</link>
     <title>
        Berbuka puasa bersama santri tpq al kanzu    </title>
     <description>PT Kanpa Berbuka puasa bersama santri tpq al kanzu - Pada bulan Ramadhan ini, PT Kanzu Permai Abadi menyelenggarakan buka bersama di TPQ Al Kanzu di Perumahan Bukti Permai Ungaran Barat pada tanggal 11 April 2023. </description>
     <ror:updatePeriod></ror:updatePeriod>
     <ror:sortOrder>2</ror:sortOrder>
     <ror:resourceOf>sitemap</ror:resourceOf>
</item>
<item>
     <link>https://kanpa.co.id/Artikel/page/Rumah-subsidi-caruban-solusi-hunian-terjangkau-di-jawa-timur</link>
     <title>
        Rumah subsidi caruban solusi hunian terjangkau di jawa timur    </title>
     <description>PT Kanpa Rumah subsidi caruban solusi hunian terjangkau di jawa timur - </description>
     <ror:updatePeriod></ror:updatePeriod>
     <ror:sortOrder>2</ror:sortOrder>
     <ror:resourceOf>sitemap</ror:resourceOf>
</item>
<item>
     <link>https://kanpa.co.id/Artikel/page/Pembangunan-Masjid-Bukit-Permai-1</link>
     <title>
        Pembangunan Masjid Bukit Permai 1    </title>
     <description>PT Kanpa Pembangunan Masjid Bukit Permai 1 - Setelah melalui proses pembangunan berbulan-bulan, Masjid AL-Kanzu Bukit Permai Ungaran akhirnya diresmikan pada Jumat, 22 April 2022. Dalam peresmian Masjid AL-Kanzu, dipimpin langsung oleh Bupati Semarang H. Ngesti Nugraha, S.H., M.H. Dengan diresmikannya Masjid AL-Kanzu tersebut, PT. KANPA berharap masyarakat dapat meningkatkan keimanan dan ketakwaan kepada Allah SWT. Semoga masyarakat bisa turut memakmurkannya dengan sholat berjama’ah 5 waktu, m</description>
     <ror:updatePeriod></ror:updatePeriod>
     <ror:sortOrder>2</ror:sortOrder>
     <ror:resourceOf>sitemap</ror:resourceOf>
</item>
<item>
     <link>https://kanpa.co.id/Artikel/page/Penjelasan-tanah-KPR-subsidi-di-kabupaten-madiun-desa-kecorejo-dan-desa-kaliabu</link>
     <title>
        Penjelasan tanah KPR subsidi di kabupaten madiun desa kecorejo dan desa kaliabu    </title>
     <description>PT Kanpa Penjelasan tanah KPR subsidi di kabupaten madiun desa kecorejo dan desa kaliabu - </description>
     <ror:updatePeriod></ror:updatePeriod>
     <ror:sortOrder>2</ror:sortOrder>
     <ror:resourceOf>sitemap</ror:resourceOf>
</item>
<item>
     <link>https://kanpa.co.id/Artikel/page/5-alasan-mengapa-investasi-properti-jangka-panjang-adalah-pilihan-tepat-dan-pintar</link>
     <title>
        5 alasan mengapa investasi properti jangka panjang adalah pilihan tepat dan pintar    </title>
     <description>PT Kanpa 5 alasan mengapa investasi properti jangka panjang adalah pilihan tepat dan pintar - Jika Anda ingin menginvestasikan uang Anda untuk jangka panjang, properti bisa menjadi pilihan yang menarik. Dalam panduan ini, Anda akan mempelajari lima alasan mengapa properti bisa menjadi investasi yang aman dan menguntungkan untuk jangka panjang.</description>
     <ror:updatePeriod></ror:updatePeriod>
     <ror:sortOrder>2</ror:sortOrder>
     <ror:resourceOf>sitemap</ror:resourceOf>
</item>
<item>
     <link>https://kanpa.co.id/Artikel/page/PT-Kanzu-bagi-bagi-sembako-untuk-masyarakat-jelang-ramadhan-di-desa-kaliabu-dan-desa-klecorejo</link>
     <title>
        PT Kanzu bagi bagi sembako untuk masyarakat jelang ramadhan di desa kaliabu dan desa klecorejo    </title>
     <description>PT Kanpa PT Kanzu bagi bagi sembako untuk masyarakat jelang ramadhan di desa kaliabu dan desa klecorejo -  Perusahaan PT Kanzu Permai Abadi (PT Kanzu) yang bergerak di bidang perumahan dan sedang melakukan pembangunan perumahan bersubsidi Griya Kanzu Caruban, mengadakan sebuah acara bagi-bagi paket sembako kepada warga di desa Kaliabu dan desa Klecorejo</description>
     <ror:updatePeriod></ror:updatePeriod>
     <ror:sortOrder>2</ror:sortOrder>
     <ror:resourceOf>sitemap</ror:resourceOf>
</item>
<item>
     <link>https://kanpa.co.id/Artikel/page/Tanah-kpr-bersubsidi-di-kabupaten-madiun-di-bangun-550-unit</link>
     <title>
        Tanah kpr bersubsidi di kabupaten madiun di bangun 550 unit    </title>
     <description>PT Kanpa Tanah kpr bersubsidi di kabupaten madiun di bangun 550 unit - </description>
     <ror:updatePeriod></ror:updatePeriod>
     <ror:sortOrder>2</ror:sortOrder>
     <ror:resourceOf>sitemap</ror:resourceOf>
</item>
<item>
     <link>https://kanpa.co.id/Artikel/page/Jasa-interior-semarang-your-one-step-solution-for-interior-design</link>
     <title>
        Jasa interior semarang your one step solution for interior design    </title>
     <description>PT Kanpa Jasa interior semarang your one step solution for interior design - Kami menawarkan solusi one-stop untuk semua kebutuhan desain interior Anda, mulai dari konsultasi hingga pelaksanaan proyek.</description>
     <ror:updatePeriod></ror:updatePeriod>
     <ror:sortOrder>2</ror:sortOrder>
     <ror:resourceOf>sitemap</ror:resourceOf>
</item>
<item>
     <link>https://kanpa.co.id/Artikel/page/Rumah-subsidi-murah-di-ungaran-griya-kautsar-ungaran-pilihannya</link>
     <title>
        Rumah subsidi murah di ungaran griya kautsar ungaran pilihannya    </title>
     <description>PT Kanpa Rumah subsidi murah di ungaran griya kautsar ungaran pilihannya - Anda dapat menemukan semua informasi yang Anda butuhkan tentang perumahan subsidi di Ungaran, termasuk lokasi, harga, dan persyaratan untuk membeli. Jangan lewatkan kesempatan untuk memiliki rumah impian Anda dengan harga terjangkau di Ungaran.</description>
     <ror:updatePeriod></ror:updatePeriod>
     <ror:sortOrder>2</ror:sortOrder>
     <ror:resourceOf>sitemap</ror:resourceOf>
</item>
<item>
     <link>https://kanpa.co.id/Artikel/page/Pengeboran-sumur-di-Perumahan-Griya-Kautsar</link>
     <title>
        Pengeboran sumur di Perumahan Griya Kautsar    </title>
     <description>PT Kanpa Pengeboran sumur di Perumahan Griya Kautsar - Pengeboran sumur di Perumahan Griya Kautsar guna memenuhi kebutuhan air bersih.
Air merupakan sumber kehidupan bagi semua makhluk hidup. Kebutuhan hidup terhadap air tidak dapat digantikan oleh apapun, hal ini bisa dilihat dari penggunaan air di semua aspek kehidupan. Pada hari Rabu, 30 Agustus kemarin, PT. Alam Kautsar Sejahtera melakukan pengeboran sumur aertetis untuk memenuhi kebutuhan air bersih di perumahan Griya Kautsar. Dimana sumber</description>
     <ror:updatePeriod></ror:updatePeriod>
     <ror:sortOrder>2</ror:sortOrder>
     <ror:resourceOf>sitemap</ror:resourceOf>
</item>
<item>
     <link>https://kanpa.co.id/Artikel/page/Apa-kata-mereka-tentang-Bukit-Asri-4</link>
     <title>
        Apa kata mereka tentang Bukit Asri 4    </title>
     <description>PT Kanpa Apa kata mereka tentang Bukit Asri 4 - Kata Bapak Nur Afffandi (warga) tentang Bukit Asri 4
Bukit Asri 4 mulai dibangun pada tahun 2018. Dimana perumahan ini memiliki lokasi yang strategis dekat dengan berbagai fasilitas umum, memiliki lingkungan yang aman serta nyaman.
Menurut keterangan Bapak Nur Afffandi, beliau sudah tinggal di sini sejak tahun 2019. Dilihat dari segi bangunan dan material sudah langsung membuat pak Affandi tertarik saat survey pertama kali di lokasi ini. Mulai dari</description>
     <ror:updatePeriod></ror:updatePeriod>
     <ror:sortOrder>2</ror:sortOrder>
     <ror:resourceOf>sitemap</ror:resourceOf>
</item>
<item>
     <link>https://kanpa.co.id/Artikel/page/Rumah-subsidi-di-madiun-pilihan-terbaik-untuk-keluarga-muda</link>
     <title>
        Rumah subsidi di madiun pilihan terbaik untuk keluarga muda    </title>
     <description>PT Kanpa Rumah subsidi di madiun pilihan terbaik untuk keluarga muda - </description>
     <ror:updatePeriod></ror:updatePeriod>
     <ror:sortOrder>2</ror:sortOrder>
     <ror:resourceOf>sitemap</ror:resourceOf>
</item>
<item>
     <link>https://kanpa.co.id/Artikel/page/Pentingnya-memilih-developer-properti-yang-terpercaya-tips-dan-trik</link>
     <title>
        Pentingnya memilih developer properti yang terpercaya tips dan trik    </title>
     <description>PT Kanpa Pentingnya memilih developer properti yang terpercaya tips dan trik - Memilih developer properti yang terpercaya dan berkualitas adalah langkah penting dalam memastikan investasi properti Anda aman dan menguntungkan. Dalam artikel ini, kami akan memberikan tips dan trik untuk membantu Anda memilih developer properti yang tepat.</description>
     <ror:updatePeriod></ror:updatePeriod>
     <ror:sortOrder>2</ror:sortOrder>
     <ror:resourceOf>sitemap</ror:resourceOf>
</item>
<item>
     <link>https://kanpa.co.id/Artikel/page/Murah-rumah-subsidi-kaliabu-klecorejo-di-kabupaten-madiun-hanya-160-juta</link>
     <title>
        Murah rumah subsidi kaliabu klecorejo di kabupaten madiun hanya 160 juta    </title>
     <description>PT Kanpa Murah rumah subsidi kaliabu klecorejo di kabupaten madiun hanya 160 juta - </description>
     <ror:updatePeriod></ror:updatePeriod>
     <ror:sortOrder>2</ror:sortOrder>
     <ror:resourceOf>sitemap</ror:resourceOf>
</item>
<item>
     <link>https://kanpa.co.id/Artikel/page/Keuntungan-memiliki-rumah-subsidi-caruban-di-desa-kaliabu-klecorejo-kabupaten-madiun</link>
     <title>
        Keuntungan memiliki rumah subsidi caruban di desa kaliabu klecorejo kabupaten madiun    </title>
     <description>PT Kanpa Keuntungan memiliki rumah subsidi caruban di desa kaliabu klecorejo kabupaten madiun - </description>
     <ror:updatePeriod></ror:updatePeriod>
     <ror:sortOrder>2</ror:sortOrder>
     <ror:resourceOf>sitemap</ror:resourceOf>
</item>
<item>
     <link>https://kanpa.co.id/Artikel/page/Informasi-rumah-subsidi-terbaru-hari-ini</link>
     <title>
        Informasi rumah subsidi terbaru hari ini    </title>
     <description>PT Kanpa Informasi rumah subsidi terbaru hari ini - Buat kalian yang ingin memiliki hunian murah di usia muda, membeli rumah subsidi bisa menjadi solusinya. Ada beberapa alasan yang melatarbelakangi pembelian rumah subsidi, salah satunya terkait dengan keuntungan yang didapat. Seperti harga yang terjangkau, keamanan lingkungan, dan kemudahan akses, hingga daya tarik yang lain.
Faktor yang tidak kalah penting dalam pembelian rumah adalah fasilitas perumahan yang disediakan. Dimana rumah subsidi </description>
     <ror:updatePeriod></ror:updatePeriod>
     <ror:sortOrder>2</ror:sortOrder>
     <ror:resourceOf>sitemap</ror:resourceOf>
</item>
<item>
     <link>https://kanpa.co.id/Artikel/page/Rumah-impian-murah-di-caruban-madiun-dijual-160-juta</link>
     <title>
        Rumah impian murah di caruban madiun dijual 160 juta    </title>
     <description>PT Kanpa Rumah impian murah di caruban madiun dijual 160 juta - </description>
     <ror:updatePeriod></ror:updatePeriod>
     <ror:sortOrder>2</ror:sortOrder>
     <ror:resourceOf>sitemap</ror:resourceOf>
</item>
<item>
     <link>https://kanpa.co.id/Artikel/page/Brem-menjadi-jajanan-khas-kabupaten-madiun</link>
     <title>
        Brem menjadi jajanan khas kabupaten madiun    </title>
     <description>PT Kanpa Brem menjadi jajanan khas kabupaten madiun - </description>
     <ror:updatePeriod></ror:updatePeriod>
     <ror:sortOrder>2</ror:sortOrder>
     <ror:resourceOf>sitemap</ror:resourceOf>
</item>
<item>
     <link>https://kanpa.co.id/Artikel/page/Rumah-murah-bersubsidi-klecorejo-kaliabu-solusi-hunian-terjangkau-di-kabupaten-madiun</link>
     <title>
        Rumah murah bersubsidi klecorejo kaliabu solusi hunian terjangkau di kabupaten madiun    </title>
     <description>PT Kanpa Rumah murah bersubsidi klecorejo kaliabu solusi hunian terjangkau di kabupaten madiun - </description>
     <ror:updatePeriod></ror:updatePeriod>
     <ror:sortOrder>2</ror:sortOrder>
     <ror:resourceOf>sitemap</ror:resourceOf>
</item>
<item>
     <link>https://kanpa.co.id/Artikel/page/Cari-rumah-subsidi-di-ungaran-simak-informasi-lengkapnya-disini</link>
     <title>
        Cari rumah subsidi di ungaran simak informasi lengkapnya disini    </title>
     <description>PT Kanpa Cari rumah subsidi di ungaran simak informasi lengkapnya disini - Jika Anda sedang mencari tempat tinggal murah di Ungaran, perumahan subsidi bisa menjadi pilihan yang tepat.</description>
     <ror:updatePeriod></ror:updatePeriod>
     <ror:sortOrder>2</ror:sortOrder>
     <ror:resourceOf>sitemap</ror:resourceOf>
</item>
<item>
     <link>https://kanpa.co.id/Artikel/page/PT-KANPA-raih-penghargaan-program-realisasi-kpr-non-subsidi-terbanyak-tahun-2022</link>
     <title>
        PT KANPA raih penghargaan program realisasi kpr non subsidi terbanyak tahun 2022    </title>
     <description>PT Kanpa PT KANPA raih penghargaan program realisasi kpr non subsidi terbanyak tahun 2022 - Semarang, 07 September 2022 Perusahaan developer PT KANPA mendapatkan penghargaan dari BTN Syariah dengan kategori realisasi KPR Non Subsidi terbanyak dan menjadi Juara 1 selama 3 tahun berturut-turut.
Penghargaan ini menunjukkan adanya kemajuan pembangunan Kabupaten ungaran melalui program KPR non subsidi. Dan dengan adanya penghargaan ini, diharapkan bisa menjadi acuan bagi perusahaan lain dalam pengem</description>
     <ror:updatePeriod></ror:updatePeriod>
     <ror:sortOrder>2</ror:sortOrder>
     <ror:resourceOf>sitemap</ror:resourceOf>
</item>
<item>
     <link>https://kanpa.co.id/Artikel/page/Bagusnya-panorama-hanya-di-rumah-murah-ungaran-bukit-permai</link>
     <title>
        Bagusnya panorama hanya di rumah murah ungaran bukit permai    </title>
     <description>PT Kanpa Bagusnya panorama hanya di rumah murah ungaran bukit permai - Bukit Permai adalah sebuah perumahan yang menawarkan keindahan alam yang menakjubkan di Ungaran. Dengan harga yang terjangkau</description>
     <ror:updatePeriod></ror:updatePeriod>
     <ror:sortOrder>2</ror:sortOrder>
     <ror:resourceOf>sitemap</ror:resourceOf>
</item>
<item>
     <link>https://kanpa.co.id/Artikel/page/Jual-rumah-di-madiun-tanpa-ribet-hanya-di-griya-kanzu-caruban</link>
     <title>
        Jual rumah di madiun tanpa ribet hanya di griya kanzu caruban    </title>
     <description>PT Kanpa Jual rumah di madiun tanpa ribet hanya di griya kanzu caruban - </description>
     <ror:updatePeriod></ror:updatePeriod>
     <ror:sortOrder>2</ror:sortOrder>
     <ror:resourceOf>sitemap</ror:resourceOf>
</item>
<item>
     <link>https://kanpa.co.id/Artikel/page/Mengapa-perumahan-bukit-permai-ungaran-adalah-tempat-yang-sangat-prioritas-untuk-anda-miliki</link>
     <title>
        Mengapa perumahan bukit permai ungaran adalah tempat yang sangat prioritas untuk anda miliki    </title>
     <description>PT Kanpa Mengapa perumahan bukit permai ungaran adalah tempat yang sangat prioritas untuk anda miliki - Perumahan Bukit Permai Ungaran adalah pilihan yang tepat bagi Anda yang ingin memiliki hunian dengan kualitas hidup yang lebih baik.</description>
     <ror:updatePeriod></ror:updatePeriod>
     <ror:sortOrder>2</ror:sortOrder>
     <ror:resourceOf>sitemap</ror:resourceOf>
</item>
<item>
     <link>https://kanpa.co.id/Artikel/page/Mengenal-lebih-dekat-jasa-kontraktor-caruban-dan-interior-di-madiun</link>
     <title>
        Mengenal lebih dekat jasa kontraktor caruban dan interior di madiun    </title>
     <description>PT Kanpa Mengenal lebih dekat jasa kontraktor caruban dan interior di madiun - </description>
     <ror:updatePeriod></ror:updatePeriod>
     <ror:sortOrder>2</ror:sortOrder>
     <ror:resourceOf>sitemap</ror:resourceOf>
</item>
<item>
     <link>https://kanpa.co.id/Artikel/page/Rumah-subsidi-griya-kautsar-di-rawat-dengan-baik</link>
     <title>
        Rumah subsidi griya kautsar di rawat dengan baik    </title>
     <description>PT Kanpa Rumah subsidi griya kautsar di rawat dengan baik - </description>
     <ror:updatePeriod></ror:updatePeriod>
     <ror:sortOrder>2</ror:sortOrder>
     <ror:resourceOf>sitemap</ror:resourceOf>
</item>
<item>
     <link>https://kanpa.co.id/Artikel/tag/Interior</link>
     <title>
        tag    </title>
     <description>Cari Rumah di Semarang di Bawah Rp 200 Jt. Rumah minimalis terjangkau, termurah di semarang Bisa KPR Harga paling murah Lokasi strategis Proses mudah &amp; cepat, perumahan subsidi griya kanzu kleco kaliabu, perumahan subsidi klecorejo kaliabu, rumah subsidi madiun, perumahan subsidi madiun, rumah subsidi klecorejo kaliabu</description>
     <ror:updatePeriod></ror:updatePeriod>
     <ror:sortOrder>2</ror:sortOrder>
     <ror:resourceOf>sitemap</ror:resourceOf>
</item>
<item>
     <link>https://kanpa.co.id/Artikel/tag/Jajanan-Khas-Madiun</link>
     <title>
        tag    </title>
     <description>Cari Rumah di Semarang di Bawah Rp 200 Jt. Rumah minimalis terjangkau, termurah di semarang Bisa KPR Harga paling murah Lokasi strategis Proses mudah &amp; cepat, perumahan subsidi griya kanzu kleco kaliabu, perumahan subsidi klecorejo kaliabu, rumah subsidi madiun, perumahan subsidi madiun, rumah subsidi klecorejo kaliabu</description>
     <ror:updatePeriod></ror:updatePeriod>
     <ror:sortOrder>2</ror:sortOrder>
     <ror:resourceOf>sitemap</ror:resourceOf>
</item>
<item>
     <link>https://kanpa.co.id/Artikel/tag/Kegiatan-Warga</link>
     <title>
        tag    </title>
     <description>Cari Rumah di Semarang di Bawah Rp 200 Jt. Rumah minimalis terjangkau, termurah di semarang Bisa KPR Harga paling murah Lokasi strategis Proses mudah &amp; cepat, perumahan subsidi griya kanzu kleco kaliabu, perumahan subsidi klecorejo kaliabu, rumah subsidi madiun, perumahan subsidi madiun, rumah subsidi klecorejo kaliabu</description>
     <ror:updatePeriod></ror:updatePeriod>
     <ror:sortOrder>2</ror:sortOrder>
     <ror:resourceOf>sitemap</ror:resourceOf>
</item>
<item>
     <link>https://kanpa.co.id/Artikel/tag/Pembagian-Sembako</link>
     <title>
        tag    </title>
     <description>Cari Rumah di Semarang di Bawah Rp 200 Jt. Rumah minimalis terjangkau, termurah di semarang Bisa KPR Harga paling murah Lokasi strategis Proses mudah &amp; cepat, perumahan subsidi griya kanzu kleco kaliabu, perumahan subsidi klecorejo kaliabu, rumah subsidi madiun, perumahan subsidi madiun, rumah subsidi klecorejo kaliabu</description>
     <ror:updatePeriod></ror:updatePeriod>
     <ror:sortOrder>2</ror:sortOrder>
     <ror:resourceOf>sitemap</ror:resourceOf>
</item>
<item>
     <link>https://kanpa.co.id/Artikel/tag/Pembangunan-Masjid</link>
     <title>
        tag    </title>
     <description>Cari Rumah di Semarang di Bawah Rp 200 Jt. Rumah minimalis terjangkau, termurah di semarang Bisa KPR Harga paling murah Lokasi strategis Proses mudah &amp; cepat, perumahan subsidi griya kanzu kleco kaliabu, perumahan subsidi klecorejo kaliabu, rumah subsidi madiun, perumahan subsidi madiun, rumah subsidi klecorejo kaliabu</description>
     <ror:updatePeriod></ror:updatePeriod>
     <ror:sortOrder>2</ror:sortOrder>
     <ror:resourceOf>sitemap</ror:resourceOf>
</item>
<item>
     <link>https://kanpa.co.id/Artikel/tag/Pengeboran-Sumur</link>
     <title>
        tag    </title>
     <description>Cari Rumah di Semarang di Bawah Rp 200 Jt. Rumah minimalis terjangkau, termurah di semarang Bisa KPR Harga paling murah Lokasi strategis Proses mudah &amp; cepat, perumahan subsidi griya kanzu kleco kaliabu, perumahan subsidi klecorejo kaliabu, rumah subsidi madiun, perumahan subsidi madiun, rumah subsidi klecorejo kaliabu</description>
     <ror:updatePeriod></ror:updatePeriod>
     <ror:sortOrder>2</ror:sortOrder>
     <ror:resourceOf>sitemap</ror:resourceOf>
</item>
<item>
     <link>https://kanpa.co.id/Artikel/tag/Penghargaan</link>
     <title>
        tag    </title>
     <description>Cari Rumah di Semarang di Bawah Rp 200 Jt. Rumah minimalis terjangkau, termurah di semarang Bisa KPR Harga paling murah Lokasi strategis Proses mudah &amp; cepat, perumahan subsidi griya kanzu kleco kaliabu, perumahan subsidi klecorejo kaliabu, rumah subsidi madiun, perumahan subsidi madiun, rumah subsidi klecorejo kaliabu</description>
     <ror:updatePeriod></ror:updatePeriod>
     <ror:sortOrder>2</ror:sortOrder>
     <ror:resourceOf>sitemap</ror:resourceOf>
</item>
<item>
     <link>https://kanpa.co.id/Artikel/tag/Perbaikan-Jalan</link>
     <title>
        tag    </title>
     <description>Cari Rumah di Semarang di Bawah Rp 200 Jt. Rumah minimalis terjangkau, termurah di semarang Bisa KPR Harga paling murah Lokasi strategis Proses mudah &amp; cepat, perumahan subsidi griya kanzu kleco kaliabu, perumahan subsidi klecorejo kaliabu, rumah subsidi madiun, perumahan subsidi madiun, rumah subsidi klecorejo kaliabu</description>
     <ror:updatePeriod></ror:updatePeriod>
     <ror:sortOrder>2</ror:sortOrder>
     <ror:resourceOf>sitemap</ror:resourceOf>
</item>
<item>
     <link>https://kanpa.co.id/Artikel/tag/Perumahan</link>
     <title>
        tag    </title>
     <description>Cari Rumah di Semarang di Bawah Rp 200 Jt. Rumah minimalis terjangkau, termurah di semarang Bisa KPR Harga paling murah Lokasi strategis Proses mudah &amp; cepat, perumahan subsidi griya kanzu kleco kaliabu, perumahan subsidi klecorejo kaliabu, rumah subsidi madiun, perumahan subsidi madiun, rumah subsidi klecorejo kaliabu</description>
     <ror:updatePeriod></ror:updatePeriod>
     <ror:sortOrder>2</ror:sortOrder>
     <ror:resourceOf>sitemap</ror:resourceOf>
</item>
<item>
     <link>https://kanpa.co.id/Artikel/tag/Rumah-Subsidi</link>
     <title>
        tag    </title>
     <description>Cari Rumah di Semarang di Bawah Rp 200 Jt. Rumah minimalis terjangkau, termurah di semarang Bisa KPR Harga paling murah Lokasi strategis Proses mudah &amp; cepat, perumahan subsidi griya kanzu kleco kaliabu, perumahan subsidi klecorejo kaliabu, rumah subsidi madiun, perumahan subsidi madiun, rumah subsidi klecorejo kaliabu</description>
     <ror:updatePeriod></ror:updatePeriod>
     <ror:sortOrder>2</ror:sortOrder>
     <ror:resourceOf>sitemap</ror:resourceOf>
</item>
<item>
     <link>https://kanpa.co.id/Artikel/tag/Tips-dan-Trik</link>
     <title>
        tag    </title>
     <description>Cari Rumah di Semarang di Bawah Rp 200 Jt. Rumah minimalis terjangkau, termurah di semarang Bisa KPR Harga paling murah Lokasi strategis Proses mudah &amp; cepat, perumahan subsidi griya kanzu kleco kaliabu, perumahan subsidi klecorejo kaliabu, rumah subsidi madiun, perumahan subsidi madiun, rumah subsidi klecorejo kaliabu</description>
     <ror:updatePeriod></ror:updatePeriod>
     <ror:sortOrder>2</ror:sortOrder>
     <ror:resourceOf>sitemap</ror:resourceOf>
</item>
<item>
     <link>https://kanpa.co.id/Artikel/tag/Wawancara</link>
     <title>
        tag    </title>
     <description>Cari Rumah di Semarang di Bawah Rp 200 Jt. Rumah minimalis terjangkau, termurah di semarang Bisa KPR Harga paling murah Lokasi strategis Proses mudah &amp; cepat, perumahan subsidi griya kanzu kleco kaliabu, perumahan subsidi klecorejo kaliabu, rumah subsidi madiun, perumahan subsidi madiun, rumah subsidi klecorejo kaliabu</description>
     <ror:updatePeriod></ror:updatePeriod>
     <ror:sortOrder>2</ror:sortOrder>
     <ror:resourceOf>sitemap</ror:resourceOf>
</item>
<item>
     <link>https://kanpa.co.id/Artikel/tag/Wisata-Caruban</link>
     <title>
        tag    </title>
     <description>Cari Rumah di Semarang di Bawah Rp 200 Jt. Rumah minimalis terjangkau, termurah di semarang Bisa KPR Harga paling murah Lokasi strategis Proses mudah &amp; cepat, perumahan subsidi griya kanzu kleco kaliabu, perumahan subsidi klecorejo kaliabu, rumah subsidi madiun, perumahan subsidi madiun, rumah subsidi klecorejo kaliabu</description>
     <ror:updatePeriod></ror:updatePeriod>
     <ror:sortOrder>2</ror:sortOrder>
     <ror:resourceOf>sitemap</ror:resourceOf>
</item>
<item>
     <link>https://kanpa.co.id/more_info/marketing/Griya-Kanzu-Madiun/Fajar</link>
     <title>
        Marketing || Griya Kanzu Madiun || Fajar    </title>
     <description>Cari Rumah di Semarang di Bawah Rp 200 Jt. Rumah minimalis terjangkau, termurah di semarang Bisa KPR Harga paling murah Lokasi strategis Proses mudah &amp; cepat, perumahan subsidi griya kanzu kleco kaliabu, perumahan subsidi klecorejo kaliabu, rumah subsidi madiun, perumahan subsidi madiun, rumah subsidi klecorejo kaliabu</description>
     <ror:updatePeriod></ror:updatePeriod>
     <ror:sortOrder>2</ror:sortOrder>
     <ror:resourceOf>sitemap</ror:resourceOf>
</item>
<item>
     <link>https://kanpa.co.id/more_info/marketing/Griya-Kanzu-Sukoharjo/Ananta</link>
     <title>
        Marketing || Griya Kanzu Sukoharjo || Ananta    </title>
     <description>Cari Rumah di Semarang di Bawah Rp 200 Jt. Rumah minimalis terjangkau, termurah di semarang Bisa KPR Harga paling murah Lokasi strategis Proses mudah &amp; cepat, perumahan subsidi griya kanzu kleco kaliabu, perumahan subsidi klecorejo kaliabu, rumah subsidi madiun, perumahan subsidi madiun, rumah subsidi klecorejo kaliabu</description>
     <ror:updatePeriod></ror:updatePeriod>
     <ror:sortOrder>2</ror:sortOrder>
     <ror:resourceOf>sitemap</ror:resourceOf>
</item>
<item>
     <link>https://kanpa.co.id/more_info/marketing/Griya-Kautsar/Fajar</link>
     <title>
        Marketing || Griya Kautsar || Fajar    </title>
     <description>Cari Rumah di Semarang di Bawah Rp 200 Jt. Rumah minimalis terjangkau, termurah di semarang Bisa KPR Harga paling murah Lokasi strategis Proses mudah &amp; cepat, perumahan subsidi griya kanzu kleco kaliabu, perumahan subsidi klecorejo kaliabu, rumah subsidi madiun, perumahan subsidi madiun, rumah subsidi klecorejo kaliabu</description>
     <ror:updatePeriod></ror:updatePeriod>
     <ror:sortOrder>2</ror:sortOrder>
     <ror:resourceOf>sitemap</ror:resourceOf>
</item>
<item>
     <link>https://kanpa.co.id/more_info/marketing/Bukit-Permai-1/Maharani</link>
     <title>
        Marketing || Bukit Permai 1 || Maharani    </title>
     <description>Cari Rumah di Semarang di Bawah Rp 200 Jt. Rumah minimalis terjangkau, termurah di semarang Bisa KPR Harga paling murah Lokasi strategis Proses mudah &amp; cepat, perumahan subsidi griya kanzu kleco kaliabu, perumahan subsidi klecorejo kaliabu, rumah subsidi madiun, perumahan subsidi madiun, rumah subsidi klecorejo kaliabu</description>
     <ror:updatePeriod></ror:updatePeriod>
     <ror:sortOrder>2</ror:sortOrder>
     <ror:resourceOf>sitemap</ror:resourceOf>
</item>
<item>
     <link>https://kanpa.co.id/more_info/marketing/Bukit-Permai-2/Restu</link>
     <title>
        Marketing || Bukit Permai 2 || Restu    </title>
     <description>Cari Rumah di Semarang di Bawah Rp 200 Jt. Rumah minimalis terjangkau, termurah di semarang Bisa KPR Harga paling murah Lokasi strategis Proses mudah &amp; cepat, perumahan subsidi griya kanzu kleco kaliabu, perumahan subsidi klecorejo kaliabu, rumah subsidi madiun, perumahan subsidi madiun, rumah subsidi klecorejo kaliabu</description>
     <ror:updatePeriod></ror:updatePeriod>
     <ror:sortOrder>2</ror:sortOrder>
     <ror:resourceOf>sitemap</ror:resourceOf>
</item>
<item>
     <link>https://kanpa.co.id/vr/vr_griya_kanzu_madiun_subsidi/index.html</link>
     <title>Ayam Petok</title>
     <description>Baruuuuurururuurru</description>
     <ror:updatePeriod></ror:updatePeriod>
     <ror:sortOrder>2</ror:sortOrder>
     <ror:resourceOf>sitemap</ror:resourceOf>
</item>
<item>
     <link>https://kanpa.co.id/vr/vr_griya_kanzu_madiun_komersil/index.html</link>
     <title>Ayam Petok</title>
     <description>Baruuuuurururuurru</description>
     <ror:updatePeriod></ror:updatePeriod>
     <ror:sortOrder>2</ror:sortOrder>
     <ror:resourceOf>sitemap</ror:resourceOf>
</item>
<item>
     <link>https://kanpa.co.id/vr/vr_griyakanzu_sukoharjo/index.html</link>
     <title>Ayam Petok</title>
     <description>Baruuuuurururuurru</description>
     <ror:updatePeriod></ror:updatePeriod>
     <ror:sortOrder>2</ror:sortOrder>
     <ror:resourceOf>sitemap</ror:resourceOf>
</item>
<item>
     <link>https://kanpa.co.id/vr/vr_aghtype42/index.html</link>
     <title>Ayam Petok</title>
     <description>Baruuuuurururuurru</description>
     <ror:updatePeriod></ror:updatePeriod>
     <ror:sortOrder>3</ror:sortOrder>
     <ror:resourceOf>sitemap</ror:resourceOf>
</item>
<item>
     <link>https://kanpa.co.id/vr/vr_aghtype60/index.html</link>
     <title>Ayam Petok</title>
     <description>Baruuuuurururuurru</description>
     <ror:updatePeriod></ror:updatePeriod>
     <ror:sortOrder>3</ror:sortOrder>
     <ror:resourceOf>sitemap</ror:resourceOf>
</item>
<item>
     <link>https://kanpa.co.id/vr/vr_aghtype90/index.html</link>
     <title>TYPE 90 GREEN HOUSE</title>
     <description>New 3Sixty Virtual Tour Project</description>
     <ror:updatePeriod></ror:updatePeriod>
     <ror:sortOrder>3</ror:sortOrder>
     <ror:resourceOf>sitemap</ror:resourceOf>
</item>
<item>
     <link>https://kanpa.co.id/more_info/</link>
     <title>
        Kanzu Group Indonesia    </title>
     <description>Cari Rumah di Semarang di Bawah Rp 200 Jt. Rumah minimalis terjangkau, termurah di semarang Bisa KPR Harga paling murah Lokasi strategis Proses mudah &amp; cepat, perumahan subsidi griya kanzu kleco kaliabu, perumahan subsidi klecorejo kaliabu, rumah subsidi madiun, perumahan subsidi madiun, rumah subsidi klecorejo kaliabu</description>
     <ror:updatePeriod></ror:updatePeriod>
     <ror:sortOrder>3</ror:sortOrder>
     <ror:resourceOf>sitemap</ror:resourceOf>
</item>
</channel>
</rss>
  